id;label;url;website
1;solution;https://lorrain.name;Account Île-de-France synergy
2;disintermediate;http://maxence.name;PNG up PCI
3;Account navigating;https://christiane.com;CSS c
4;unleash AGP Seychelles;http://alcibiade.name;TCP indigo
5;toolset 1080p;https://hincmar.com;Account
6;ADP protocol initiative;https://fulcran.net;solutions
7;Developpeur;http://zoéva.eu;algorithm Agent
8;Gloves Grocery Car;https://edmond.com;withdrawal
9;pink Account;http://bernadette.net;Toys
10;Tuna Soap;https://savinien.net;SDD
