id;firstname;lastname;email;password;telephone;born_date;cin;photo
1;reciprocal withdrawal;synthesize compressing;Hildebert_Aubert41@yahoo.fr;disintermediate plug-and-play envisioneer;94328;2021-05-02T15:27:55;Market a;Nord-Pas-de-Calais Handcrafted
2;c online;neural content;Abeline89@yahoo.fr;a quantify uniform;43375;2021-05-03T04:46:08;Cambridgeshire Customer-focused;Executif Taiwan
3;Mouse;connect Ergonomic;Adeltrude.David4@yahoo.fr;transitional Multi-layered Hryvnia;29430;2021-05-03T09:57:08;Plastic;regional
4;Grocery;c Enhanced;Armide_Marie@hotmail.fr;neural a Avon;26953;2021-05-03T12:38:49;magenta;Music leverage Pants
5;Market Gorgeous;back-end Cambridgeshire Cotton;Mahaut_Benoit57@hotmail.fr;Licensed Stagiaire Nauru;62998;2021-05-02T16:51:07;Keyboard Fish;c Harpe
6;Account;copying viral systems;Csaire.Huet@yahoo.fr;Coordinateur;37679;2021-05-03T10:29:06;Loan Basse-Normandie Sausages;index
7;e-business Loan;Shoes;Guy_Lefevre69@hotmail.fr;alarm Soft Intelligent;69154;2021-05-03T00:02:09;revolutionary bus;drive
8;Midi-Pyrénées Mongolie;Franche-Comté Colombie;Boniface.Jean52@yahoo.fr;discrete Chair;44366;2021-05-03T04:35:52;SMS;Korean Berkshire compressing
9;Montmorency parse;Multi-channelled;Audouin.Marchand@yahoo.fr;Iraqi;40711;2021-05-03T13:02:24;best-of-breed c;Money Outdoors
10;Checking Sausages;neural Card;Morgane24@hotmail.fr;models;84218;2021-05-02T15:23:19;Bedfordshire;optical secondary Érythrée
